variable,count,mean,std,min,25%,50%,75%,max,original
dummy1,1000.0,-0.0007744854737243155,0.010086074251007389,-0.0316801978660485,-0.00748396521831915,-0.001334301127942,0.005883854507935375,0.034589775142436,-0.009324284310771
dummy2,1000.0,-5.455212046879926e-05,0.009774043206102697,-0.0319372006478246,-0.00655985149626475,-0.0001536776512769,0.0066341191260121755,0.0332571026365116,0.0102555058108535
x1,1000.0,0.13231248185875838,3.1231112319509773,-8.990839193323898,-2.0718387828626184,0.15133177223171834,2.183596613075575,28.203795434525748,28.203795434525748
x2,1000.0,0.17883018618337232,8.062240575196174,-22.68461501038649,-5.012513326077617,-0.0790263504517234,5.519948394581984,75.05056560423229,75.05056560423229
x3,1000.0,-0.12057147647453557,1.8274247096426848,-4.9808923146148985,-1.276657735981904,-0.18326838415101054,1.0760468762828184,17.75560333900072,17.75560333900072
